[{"sno":"1008","sna":"興華公園","tot":"24","sbi":"1","sarea":"三重區","mday":"20240602110929","lat":"25.060125","lng":"121.483101","ar":"重陽路一段120巷/中華路2巷","sareaen":"Sanchong Dist.","snaen":"Xinghua Park","aren":"Ln. 120, Sec. 1, Chongyang Rd./Ln. 2, Zhonghua Rd.","bemp":"23","act":"1"},{"sno":"1009","sna":"三重國民運動中心","tot":"14","sbi":"2","sarea":"三重區","mday":"20240602110928","lat":"25.054391","lng":"121.488489","ar":"集美街/重新路四段184巷","sareaen":"Sanchong Dist.","snaen":"San chong Civil Sports Center","aren":"Jimei St., Sanchong Dist./Ln. 184, Sec. 4, Chongxin Rd.","bemp":"11","act":"1"},{"sno":"1010","sna":"捷運三重站(3號出口)","tot":"14","sbi":"2","sarea":"三重區","mday":"20240602110925","lat":"25.055883","lng":"121.484739","ar":"捷運路/捷運路37巷","sareaen":"Sanchong Dist.","snaen":"MRT Sanchong Sta. (Exit 3)","aren":"Jieyun Rd./Ln. 37, Jieyun Rd.","bemp":"12","act":"1"},{"sno":"1015","sna":"後港公園","tot":"10","sbi":"0","sarea":"新莊區","mday":"20240602110929","lat":"25.025358","lng":"121.428348","ar":"建安街/建安街57巷","sareaen":"Xinzhuang Dist.","snaen":"Hougang Park","aren":"Ln. 57, Jian’an St./Jian’an St.","bemp":"9","act":"1"},{"sno":"1016","sna":"福營行政中心","tot":"20","sbi":"0","sarea":"新莊區","mday":"20240602110933","lat":"25.0241250","lng":"121.423870","ar":"四維路17號-20號","sareaen":"Xinzhuang Dist.","snaen":"Fuying Administration Center","aren":"No.17, Siwei Rd./No.20, Siwei Rd.","bemp":"18","act":"1"},{"sno":"1017","sna":"西盛公園","tot":"10","sbi":"2","sarea":"新莊區","mday":"20240602110738","lat":"25.017113","lng":"121.428048","ar":"新莊區西盛街/西盛街201巷","sareaen":"Xinzhuang Dist.","snaen":"Xisheng Park","aren":"Xisheng St./Ln. 201, Xisheng St.","bemp":"8","act":"1"},{"sno":"1019","sna":"仁愛廣場","tot":"22","sbi":"3","sarea":"蘆洲區","mday":"20240602110923","lat":"25.090565","lng":"121.471621","ar":"民權路139號旁","sareaen":"Luzhou Dist.","snaen":"Renai Square","aren":"No.139, Minquan Rd.","bemp":"9","act":"1"},{"sno":"1022","sna":"三重商工","tot":"10","sbi":"2","sarea":"三重區","mday":"20240602110923","lat":"25.068681","lng":"121.480705","ar":"中正北路/中正北路276巷","sareaen":"Sanchong Dist.","snaen":"San-Chung Commercial and Industrial Vocational High School","aren":"Ln. 276, Zhongzheng N. Rd.","bemp":"8","act":"1"},{"sno":"1023","sna":"捷運新莊站(1號出口)","tot":"22","sbi":"0","sarea":"新莊區","mday":"20240602110929","lat":"25.036152 ","lng":"121.452069 ","ar":"中正路/中華路一段(鄰近新莊廟街)","sareaen":"Xinzhuang Dist.","snaen":"MRT Xinzhuang Sta. (Exit 1)","aren":"Zhongzheng Rd./Sec. 1, Zhonghua Rd.","bemp":"12","act":"1"},{"sno":"1032","sna":"重陽公園","tot":"14","sbi":"5","sarea":"蘆洲區","mday":"20240602110933","lat":"25.085688","lng":"121.483618","ar":"集賢路221巷重陽活動中心(鄰近蘆洲兒童親子分館)","sareaen":"Luzhou Dist.","snaen":"Chong Yang Park","aren":"Ln. 221, Jixian Rd.","bemp":"9","act":"1"},{"sno":"1034","sna":"中原公園","tot":"10","sbi":"3","sarea":"蘆洲區","mday":"20240602110922","lat":"25.083316 ","lng":"121.463894 ","ar":"長興路22號前通道","sareaen":"Luzhou Dist.","snaen":"Zhung Yuan Park","aren":"No.22, Changxing Rd.","bemp":"6","act":"1"},{"sno":"1035","sna":"丹鳳派出所","tot":"18","sbi":"1","sarea":"新莊區","mday":"20240602110925","lat":"25.027694 ","lng":"121.414662 ","ar":"雙鳳路77巷丹鳳派出所前","sareaen":"Xinzhuang Dist.","snaen":"Danfeng Police Substation","aren":"Ln. 77, Shuangfeng Rd.(Danfeng Police Station)","bemp":"9","act":"1"},{"sno":"1038","sna":"新莊棒球場","tot":"10","sbi":"0","sarea":"新莊區","mday":"20240602110924","lat":"25.041603 ","lng":"121.446053 ","ar":"和興街75號/復興路一段23號(鄰近新莊綜合運動場)","sareaen":"Xinzhuang Dist.","snaen":"Xinzhuang Baseball Court","aren":"No.75, Hexing St./No.23, Sec. 1, Fuxing Rd.","bemp":"10","act":"1"},{"sno":"1047","sna":"新莊文化藝術中心","tot":"26","sbi":"0","sarea":"新莊區","mday":"20240602110932","lat":"25.047150 ","lng":"121.444453 ","ar":"中平路133號前(鄰近新莊文化藝術中心)","sareaen":"Xinzhuang Dist.","snaen":"Xinzhuang Culture and Arts Center","aren":"No.133, Zhongping Rd.","bemp":"23","act":"1"},{"sno":"1048","sna":"中華中原路口","tot":"10","sbi":"1","sarea":"新莊區","mday":"20240602110917","lat":"25.054232","lng":"121.451752","ar":"中原路/中華路二段","sareaen":"Xinzhuang Dist.","snaen":"Zhonghua & Zhongyuan Intersection","aren":"Zhongyuan Rd./Sec. 2, Zhonghua Rd","bemp":"9","act":"1"},{"sno":"1050","sna":"福壽公園","tot":"20","sbi":"1","sarea":"新莊區","mday":"20240602110934","lat":"25.051829 ","lng":"121.457746 ","ar":"福壽街130號至140號(對面福壽公園)","sareaen":"Xinzhuang Dist.","snaen":"Fushou Park","aren":"No.130 to No.140, Fushou St.","bemp":"19","act":"1"},{"sno":"1065","sna":"開元市民活動中心","tot":"10","sbi":"0","sarea":"三重區","mday":"20240602110922","lat":"25.066074","lng":"121.503557","ar":"開元街58號/長元街65巷16弄對面","sareaen":"Sanchong Dist.","snaen":"Kaiyuan Civic Activity Center","aren":"No.58, Kaiyuan St./Aly. 16, Ln. 65, Changyuan St. (opposite)","bemp":"10","act":"1"},{"sno":"1067","sna":"二重國小","tot":"10","sbi":"2","sarea":"三重區","mday":"20240602110933","lat":"25.065976","lng":"121.477656","ar":"頂崁街164號至188號(對面二重國小)","sareaen":"Sanchong Dist.","snaen":"Er Chong Elementary School","aren":"No.164 to No.188, Dingkan St. (opposite)","bemp":"7","act":"1"},{"sno":"1068","sna":"二重國中","tot":"44","sbi":"0","sarea":"三重區","mday":"20240602110942","lat":"25.065957","lng":"121.480465","ar":"忠孝路三段75巷1號至忠孝路三段75巷11號(對面人行道)","sareaen":"Sanchong Dist.","snaen":"Er Chung Junior High School","aren":"No.1, Ln. 75, Sec. 3, Zhongxiao Rd. to No.11, Ln. 75, Sec. 3, Zhongxiao Rd. (opposite)","bemp":"44","act":"1"},{"sno":"1070","sna":"新北市立圖書館三重分館","tot":"10","sbi":"2","sarea":"三重區","mday":"20240602110930","lat":"25.066099","lng":"121.495529","ar":"自強路一段162號至自強路一段二弄4號(對面停車場)","sareaen":"Sanchong Dist.","snaen":"New Taipei City Library Sanchong Branch","aren":"No.162, Sec. 1, Ziqiang Rd. to No.4, Aly. 2, Sec. 1, Ziqiang Rd. (opposite)","bemp":"8","act":"1"},{"sno":"1071","sna":"三張公園","tot":"10","sbi":"0","sarea":"三重區","mday":"20240602110935","lat":"25.070507","lng":"121.490935","ar":"大智街127號至大智路137號(對面三張公園)","sareaen":"Sanchong Dist.","snaen":"Sanzhang Park","aren":"No.127, Dazhi St. to No.137, Dazhi St. (opposite)","bemp":"10","act":"1"},{"sno":"1072","sna":"捷運丹鳳站(1號出口)","tot":"24","sbi":"0","sarea":"新莊區","mday":"20240602110936","lat":"25.029032","lng":"121.422799","ar":"中正路/民安路","sareaen":"Xinzhuang Dist.","snaen":"MRT Danfeng Sta. (Exit 1)","aren":"Zhongzheng Rd./Min’an Rd","bemp":"20","act":"1"},{"sno":"1074","sna":"中港國小","tot":"20","sbi":"1","sarea":"新莊區","mday":"20240602110941","lat":"25.045673","lng":"121.44780","ar":"中和街70號對面","sareaen":"Xinzhuang Dist.","snaen":"Zhonggang Elementary School","aren":"No.70, Zhonghe St. (opposite)","bemp":"19","act":"1"},{"sno":"1078","sna":"黃城公園","tot":"18","sbi":"8","sarea":"新莊區","mday":"20240602110927","lat":"25.052382","lng":"121.448239","ar":"中信街74號旁","sareaen":"Xinzhuang Dist.","snaen":"Huangcheng Park","aren":"No.74, Zhongxin St.","bemp":"10","act":"1"},{"sno":"1080","sna":"捷運三和國中站(1號出口)","tot":"38","sbi":"1","sarea":"三重區","mday":"20240602110923","lat":"25.075881","lng":"121.487795","ar":"三和路四段95號至97號對面(捷運三和國中站1號出口)","sareaen":"Sanchong Dist.","snaen":"MRT Sanhe Junior High School Sta.","aren":"No.95 to N0. 97, Sec. 4, Sanhe Rd. (opposite)","bemp":"36","act":"1"},{"sno":"1082","sna":"四維公園","tot":"40","sbi":"0","sarea":"新莊區","mday":"20240602110917","lat":"25.021308","lng":"121.422185","ar":"四維路181號對面(四維活動中心出口前)","sareaen":"Xinzhuang Dist.","snaen":"Siwei Park","aren":"No.181, Siwei Rd. (opposite)","bemp":"39","act":"1"},{"sno":"1084","sna":"和平公園","tot":"20","sbi":"2","sarea":"三重區","mday":"20240602110919","lat":"25.070884","lng":"121.485712","ar":"忠孝路二段/忠孝路二段32巷","sareaen":"Sanchong Dist.","snaen":"Helping Park","aren":"Zhongxiao Rd./Ln. 32, Sec. 2, Zhongxiao Rd.","bemp":"18","act":"1"},{"sno":"1085","sna":"三重綜合體育館","tot":"16","sbi":"0","sarea":"三重區","mday":"20240602110945","lat":"25.061446","lng":"121.491926","ar":"新北大道一段1號前人行道","sareaen":"Sanchong Dist.","snaen":"Sanchong Sports Center","aren":"No.1, Sec. 1, New Taipei Blvd.","bemp":"16","act":"1"},{"sno":"1086","sna":"信義公園","tot":"16","sbi":"0","sarea":"三重區","mday":"20240602110921","lat":"25.064804","lng":"121.498749","ar":"信義西街18號對面人行道(鄰近三和夜市)","sareaen":"Sanchong Dist.","snaen":"Xinyi Park","aren":"No.18, Xinyi W. St. (opposite)","bemp":"16","act":"1"},{"sno":"1090","sna":"永康公園","tot":"20","sbi":"0","sarea":"蘆洲區","mday":"20240602110918","lat":"25.084920","lng":"121.458210","ar":"長安街297號(對面)","sareaen":"Luzhou Dist.","snaen":"Yongkang Park","aren":"No.297, Chang’an St., Luzhou Dist.(opposite)","bemp":"20","act":"1"},{"sno":"1091","sna":"頭前運動公園","tot":"28","sbi":"3","sarea":"新莊區","mday":"20240602110840","lat":"25.052180","lng":"121.462124","ar":"頭成街165號對面人行道","sareaen":"Xinzhuang Dist.","snaen":"Touqian Sports Park","aren":"No.165, Toucheng St. (opposite)","bemp":"24","act":"1"},{"sno":"1092","sna":"頭前國中","tot":"10","sbi":"2","sarea":"新莊區","mday":"20240602110919","lat":"25.054464","lng":"121.459318","ar":"中原路3至9號對面人行道","sareaen":"Xinzhuang Dist.","snaen":"Touqian Junior High School","aren":"No.3 to No.9 , Zhongyuan Rd. (opposite)","bemp":"6","act":"1"},{"sno":"1094","sna":"聯邦公園","tot":"10","sbi":"3","sarea":"三重區","mday":"20240602110938","lat":"25.064447","lng":"121.483710","ar":"三民街/中華路","sareaen":"Sanchong Dist.","snaen":"Lian Bang Park","aren":"Sanmin St./Zhonghua Rd.","bemp":"7","act":"1"},{"sno":"1095","sna":"捷運蘆洲站","tot":"46","sbi":"3","sarea":"蘆洲區","mday":"20240602110923","lat":"25.091637","lng":"121.464031","ar":"三民路/中正路口","sareaen":"Luzhou Dist.","snaen":"MRT Luzhou Sta.","aren":"Sanmin Rd./Zhongzheng Rd.","bemp":"41","act":"1"},{"sno":"1096","sna":"集成成功路口","tot":"16","sbi":"0","sarea":"三重區","mday":"20240602110926","lat":"25.051542","lng":"121.488208","ar":"集成路2號至8號前人行道","sareaen":"Sanchong Dist.","snaen":"Ji Cheng Cheng Gong Intersection","aren":"No.2 to No.8, Jicheng Rd.","bemp":"14","act":"1"},{"sno":"1112","sna":"碧華公園","tot":"12","sbi":"2","sarea":"三重區","mday":"20240602110940","lat":"25.083741","lng":"121.487491","ar":"溪尾街303號(對面公園)","sareaen":"Sanchong Dist.","snaen":"Bihua Park","aren":"No.303, Xiwei St. (opposite)","bemp":"10","act":"1"},{"sno":"1114","sna":"同安公園","tot":"10","sbi":"0","sarea":"三重區","mday":"20240602110936","lat":"25.057320","lng":"121.499067","ar":"正義南路/同安東街(正義南路側公園廣場)(鄰近新北市眷村文化園區（空軍三重一村）)","sareaen":"Sanchong Dist.","snaen":"Tong An Park","aren":"Zhengyi S. Rd./Tong’an E. St.","bemp":"10","act":"1"},{"sno":"1115","sna":"中華里(中華路二段)","tot":"10","sbi":"2","sarea":"新莊區","mday":"20240602110929","lat":"25.045951","lng":"121.453766","ar":"中華路2段31號對面","sareaen":"Xinzhuang Dist.","snaen":"Zhonghua Village (Zhonghua Rd. Sec. 2 )","aren":"No.31, Sec. 2, Zhonghua Rd. (opposite)","bemp":"8","act":"1"},{"sno":"1116","sna":"中華自治街口","tot":"20","sbi":"1","sarea":"新莊區","mday":"20240602110943","lat":"25.047855","lng":"121.453202","ar":"中華路2段/自治街口人行道(中港大排東側)","sareaen":"Xinzhuang Dist.","snaen":"Zhonghua & Zizhi Intersection","aren":"Sec. 2, Zhonghua Rd/Zizhi St.","bemp":"19","act":"1"},{"sno":"1119","sna":"新泰公園","tot":"24","sbi":"1","sarea":"新莊區","mday":"20240602110932","lat":"25.037200","lng":"121.444946","ar":"建中街116巷/建中街116巷3弄","sareaen":"Xinzhuang Dist.","snaen":"Xintai Park","aren":"Ln. 116, Jianzhong St./Aly. 3, Ln. 116, Jianzhong St.","bemp":"23","act":"1"},{"sno":"1121","sna":"進安公園","tot":"10","sbi":"0","sarea":"三重區","mday":"20240602110920","lat":"25.086031","lng":"121.493774","ar":"仁義街258號至290號","sareaen":"Sanchong Dist.","snaen":"Jinan Park","aren":"No.258 to No.290, Renyi St.","bemp":"10","act":"1"},{"sno":"1122","sna":"自強溪尾街口","tot":"22","sbi":"1","sarea":"三重區","mday":"20240602110938","lat":"25.078220","lng":"121.490157","ar":"自強路4段/溪尾街","sareaen":"Sanchong Dist.","snaen":"Ziqiang & Xiwei Intersection","aren":"Sec. 4, Ziqiang Rd./Xiwei St.","bemp":"21","act":"1"},{"sno":"1123","sna":"捷運三重國小站","tot":"16","sbi":"0","sarea":"三重區","mday":"20240602110837","lat":"25.070418","lng":"121.497126","ar":"仁愛街/三和路3段11巷","sareaen":"Sanchong Dist.","snaen":"MRT Sanchong Elementary School Sta.","aren":"Ren’ai St./Ln. 11, Sec. 3, Sanhe Rd.","bemp":"14","act":"1"},{"sno":"1128","sna":"永福國小","tot":"8","sbi":"4","sarea":"三重區","mday":"20240602110920","lat":"25.077714","lng":"121.480315","ar":"永福街/下竹圍街","sareaen":"Sanchong Dist.","snaen":"Yong Fu Elementary School","aren":"Yongfu St./Xiazhuwei St.","bemp":"4","act":"1"},{"sno":"1129","sna":"明志國小","tot":"64","sbi":"0","sarea":"泰山區","mday":"20240602110935","lat":"25.045729","lng":"121.426269","ar":"明志路二段324號對面人行道(鄰近明志書院)","sareaen":"Taishan Dist.","snaen":"Mingzhi Elementary School","aren":"No.324, Sec. 2, Mingzhi Rd. (opposite)","bemp":"0","act":"1"},{"sno":"1130","sna":"蘆洲三民公園","tot":"10","sbi":"1","sarea":"蘆洲區","mday":"20240602110830","lat":"25.094306","lng":"121.460134","ar":"三民路615號對面人行道(鄰近大台北都會公園)","sareaen":"Luzhou Dist.","snaen":"Luchou Sanmin Park","aren":"No.615, Sanmin Rd. (opposite)","bemp":"9","act":"1"},{"sno":"1131","sna":"臺北醫院","tot":"22","sbi":"0","sarea":"新莊區","mday":"20240602110922","lat":"25.043536","lng":"121.459772","ar":"思源路131號至137號前人行道","sareaen":"Xinzhuang Dist.","snaen":"Taipei Hospital","aren":"No.131 to No.137, Siyuan Rd.","bemp":"19","act":"1"},{"sno":"1132","sna":"重新重安街口","tot":"22","sbi":"1","sarea":"三重區","mday":"20240602110926","lat":"25.058443","lng":"121.489751","ar":"重新路三段/重安街","sareaen":"Sanchong Dist.","snaen":"Chongxi & Chongan Intersection","aren":"Sec. 3, Chongxin Rd./Chong’an St.","bemp":"19","act":"1"},{"sno":"1134","sna":"思賢國小","tot":"10","sbi":"0","sarea":"新莊區","mday":"20240531103923","lat":"25.046446","lng":"121.457716","ar":"福樂街66號對面","sareaen":"Xinzhuang Dist.","snaen":"Si Xian Elementary School","aren":"No.66, Fule St. (opposite)","bemp":"10","act":"1"},{"sno":"1136","sna":"豐年國小","tot":"10","sbi":"2","sarea":"新莊區","mday":"20240602110918","lat":"25.031278","lng":"121.443230","ar":"瓊泰路161號對面人行道","sareaen":"Xinzhuang Dist.","snaen":"Feng-Nian Elementary School","aren":"No.161, Qiongtai Rd. (opposite)","bemp":"8","act":"1"},{"sno":"1145","sna":"捷運頂埔站(2號出口)","tot":"36","sbi":"2","sarea":"土城區","mday":"20240602110930","lat":"24.959276","lng":"121.419008","ar":"新北市土城區中央路四段53號(前)","sareaen":"Tucheng Dist.","snaen":"MRT Dingpu Sta.(Exit.2)","aren":"No.53, Sec. 4, Zhongyang Rd. (opposite)","bemp":"34","act":"1"},{"sno":"1146","sna":"龍門龍濱路口","tot":"10","sbi":"1","sarea":"三重區","mday":"20240602110941","lat":"25.073475","lng":"121.500977","ar":"龍濱路192號對面","sareaen":"Sanchong Dist.","snaen":"Longmen & Longbin Intersection","aren":"No.192, Longbin Rd. (opposite)","bemp":"9","act":"1"},{"sno":"1148","sna":"金城忠義路口","tot":"10","sbi":"1","sarea":"土城區","mday":"20240602110925","lat":"24.969399","lng":"121.440808","ar":"金城路一段/忠義路","sareaen":"Tucheng Dist.","snaen":"Jincheng & Zhongyi Intersection","aren":"Sec. 1, Jincheng Rd./Zhongyi Rd.","bemp":"9","act":"1"},{"sno":"1159","sna":"新樹公園","tot":"22","sbi":"1","sarea":"新莊區","mday":"20240602110928","lat":"25.003383","lng":"121.433154","ar":"新樹路627號對面","sareaen":"Xinzhuang Dist.","snaen":"Xinshu Park","aren":"No.627, Xinshu Rd. (opposite)","bemp":"21","act":"1"},{"sno":"1162","sna":"厚德公園","tot":"10","sbi":"2","sarea":"三重區","mday":"20240602110944","lat":"25.071988","lng":"121.491200","ar":"忠孝路一段37號","sareaen":"Sanchong Dist.","snaen":"Houde Park","aren":"No.37, Sec. 1, Zhongxiao Rd.","bemp":"8","act":"1"},{"sno":"1168","sna":"建福公園","tot":"10","sbi":"1","sarea":"新莊區","mday":"20240602110945","lat":"25.027694","lng":"121.426685","ar":"建福路/建福路49巷","sareaen":"Xinzhuang Dist.","snaen":"Jianfu Park","aren":"Jianfu Rd./Ln. 49, Jianfu Rd.","bemp":"7","act":"1"},{"sno":"1169","sna":"水河里活動中心","tot":"38","sbi":"1","sarea":"蘆洲區","mday":"20240602110944","lat":"25.093949","lng":"121.473913","ar":"民族路408巷/復興路323巷","sareaen":"Luzhou Dist.","snaen":"Shuei He Village Activity Center","aren":"Ln. 408, Minzu Rd./Ln. 323, Fuxing Rd.","bemp":"36","act":"1"},{"sno":"1172","sna":"樹林火車站(後站)","tot":"28","sbi":"0","sarea":"樹林區","mday":"20240602110930","lat":"24.992553","lng":"121.424652","ar":"後站街6巷11號對面","sareaen":"Shulin Dist.","snaen":"Shulin Railway Rear Station","aren":"No.11, Ln. 6, Houzhan St. (opposite)","bemp":"26","act":"1"},{"sno":"1173","sna":"文林國小","tot":"16","sbi":"2","sarea":"樹林區","mday":"20240602110932","lat":"24.997856","lng":"121.426360","ar":"千歲街59號","sareaen":"Shulin Dist.","snaen":"Wenlin Elementary School","aren":"No.59, Qiansui St.","bemp":"13","act":"1"},{"sno":"1176","sna":"光華公園","tot":"20","sbi":"0","sarea":"樹林區","mday":"20240602110937","lat":"25.005412","lng":"121.413157","ar":"保安街2段259號對面(鄰近樹林興仁花園夜市)","sareaen":"Shulin Dist.","snaen":"Guanghua Park","aren":"No.259, Sec. 2, Bao’an St. (opposite)","bemp":"19","act":"1"},{"sno":"1177","sna":"樹林大安活動中心","tot":"22","sbi":"2","sarea":"樹林區","mday":"20240602110931","lat":"24.986391","lng":"121.414770","ar":"備前街/復興路372巷口","sareaen":"Shulin Dist.","snaen":"Shulin Da'an Activity Center","aren":"Beiqian St./Ln. 372, Fuxing Rd.","bemp":"20","act":"1"},{"sno":"1178","sna":"三民中山一路口","tot":"14","sbi":"1","sarea":"蘆洲區","mday":"20240602110915","lat":"25.082229","lng":"121.476004","ar":"三民路8號前(鄰近紫禁城博物館)","sareaen":"Luzhou Dist.","snaen":"Sanmin & Zhongshan 1st Rd. Intersection","aren":"No.8, Sanmin Rd.","bemp":"13","act":"1"},{"sno":"1179","sna":"義學國小","tot":"14","sbi":"1","sarea":"泰山區","mday":"20240602110932","lat":"25.051762","lng":"121.431669","ar":"民生路33號對面人行道","sareaen":"Taishan Dist.","snaen":"Yixue Elementary School","aren":"No.33, Minsheng Rd. (opposite)","bemp":"12","act":"1"},{"sno":"1180","sna":"自然公園","tot":"22","sbi":"2","sarea":"三重區","mday":"20240602110919","lat":"25.089840","lng":"121.487987","ar":"如意街/集賢路口","sareaen":"Sanchong Dist.","snaen":"Natural Park","aren":"Ruyi St./Jixian Rd.","bemp":"20","act":"1"},{"sno":"1186","sna":"同興公園","tot":"16","sbi":"1","sarea":"泰山區","mday":"20240602110935","lat":"25.055188","lng":"121.432128","ar":"仁義路15號對面","sareaen":"Taishan Dist.","snaen":"Tongxing Park","aren":"No.15, Renyi Rd. (opposite)","bemp":"15","act":"1"},{"sno":"1190","sna":"捷運海山站(3號出口)","tot":"40","sbi":"0","sarea":"土城區","mday":"20240602110922","lat":"24.986923","lng":"121.449335","ar":"海山路46號對面機車格位","sareaen":"Tucheng Dist.","snaen":"MRT Haishan Sta.(Exit 3)","aren":"No.46, Haishan Rd. (opposite)","bemp":"39","act":"1"},{"sno":"1191","sna":"興化公園","tot":"10","sbi":"0","sarea":"新莊區","mday":"20240602110938","lat":"25.065234","lng":"121.461115","ar":"五工二路/五工三路50巷","sareaen":"Xinzhuang Dist.","snaen":"Xinhua Park","aren":"Wugong 2nd Rd./Ln. 50, Wugong 3rd Rd.","bemp":"10","act":"1"},{"sno":"1193","sna":"西盛館","tot":"24","sbi":"0","sarea":"新莊區","mday":"20240602110936","lat":"25.011905","lng":"121.432713","ar":"新樹路499號前人行道(西盛館)","sareaen":"Xinzhuang Dist.","snaen":"Xi Sheng Guan","aren":"No.499, Xinshu Rd.","bemp":"24","act":"1"},{"sno":"1197","sna":"義仁市民活動中心","tot":"20","sbi":"2","sarea":"泰山區","mday":"20240602110922","lat":"25.050479","lng":"121.427667","ar":"明志路二段177號","sareaen":"Taishan Dist.","snaen":"Yiren civil activity center","aren":"No.177, Sec. 2, Mingzhi Rd.","bemp":"18","act":"1"},{"sno":"1198","sna":"鶯歌國中","tot":"24","sbi":"0","sarea":"鶯歌區","mday":"20240602110935","lat":"24.951734","lng":"121.342963","ar":"建國路420號對面人行道(鄰近新太源藝術工坊)","sareaen":"Yingge Dist.","snaen":"Yingge Junior High School","aren":"No.420, Jianguo Rd.(opposite)","bemp":"24","act":"1"},{"sno":"1199","sna":"捷運迴龍站(3號出口)","tot":"28","sbi":"0","sarea":"新莊區","mday":"20240602110932","lat":"25.022760","lng":"121.413053","ar":"中正路/中正路746巷","sareaen":"Xinzhuang Dist.","snaen":"MRT Huilong Sta.(Exit 3)","aren":"Zhongzheng Rd./Ln. 746, Zhongzheng Rd.","bemp":"21","act":"1"},{"sno":"1200","sna":"捷運先嗇宮站(2號出口)","tot":"26","sbi":"1","sarea":"三重區","mday":"20240602110946","lat":"25.046068","lng":"121.470987","ar":"重新路五段515號","sareaen":"Sanchong Dist.","snaen":"MRT Xianse Temple Sta.(Exit.2)","aren":"No.515, Sec. 5, Chongxin Rd.","bemp":"25","act":"1"},{"sno":"1201","sna":"鶯歌火車站(仁愛路)","tot":"40","sbi":"10","sarea":"鶯歌區","mday":"20240602110942","lat":"24.955591","lng":"121.354376","ar":"仁愛路55號對側人行道(鄰近鶯歌車站/宏德宮(孫臏廟))","sareaen":"Yingge Dist.","snaen":"Yingge Railway Station(Ren’ai  Rd.)","aren":"No.55, Ren’ai Rd., Yingge Dist.(opposite)","bemp":"25","act":"1"},{"sno":"1204","sna":"立泰里(中環路二段)","tot":"24","sbi":"0","sarea":"新莊區","mday":"20240602110944","lat":"25.045676","lng":"121.442133","ar":"新莊區中環路二段423號(對面橋下)(鄰近新莊文化藝術中心)","sareaen":"Xinzhuang Dist.","snaen":"Litai Village(Zhonghuan Rd. Sec. 2)","aren":"No.423, Sec. 2, Zhonghuan Rd.(opposite)","bemp":"24","act":"1"},{"sno":"1206","sna":"文化館前路口","tot":"10","sbi":"6","sarea":"鶯歌區","mday":"20240602110934","lat":"24.949549","lng":"121.352832","ar":"鶯歌區文化路407號(鄰近鶯歌陶瓷博物館)","sareaen":"Yingge Dist.","snaen":"New Taipei City Yingge Ceramics  Museum","aren":"No.407, Wenhua Rd.","bemp":"4","act":"1"},{"sno":"1208","sna":"尖山公園","tot":"22","sbi":"3","sarea":"鶯歌區","mday":"20240602110922","lat":"24.948220","lng":"121.345767","ar":"鶯歌區尖山路161號對面","sareaen":"Yingge Dist.","snaen":"Jianshan Park","aren":"No.161, Jianshan Rd.(opposite)","bemp":"19","act":"1"},{"sno":"1210","sna":"樹林區衛生所","tot":"30","sbi":"0","sarea":"樹林區","mday":"20240602110920","lat":"24.983768","lng":"121.415032","ar":"新北市樹林區中山路二段80-1號對面機車停車格","sareaen":"Shulin Dist.","snaen":"Shulin District Public Health Center","aren":"No.80-1, Sec. 2, Zhongshan Rd.(opposite)","bemp":"29","act":"1"},{"sno":"1211","sna":"溪墘公園","tot":"22","sbi":"2","sarea":"蘆洲區","mday":"20240602110925","lat":"25.079969","lng":"121.476205","ar":"信義路73巷2號對面公園人行道","sareaen":"Luzhou Dist.","snaen":"Si Cian Park","aren":"No.2, Ln. 73, Xinyi Rd.(oppsite)","bemp":"20","act":"1"},{"sno":"1212","sna":"育德國小","tot":"18","sbi":"0","sarea":"樹林區","mday":"20240602110919","lat":"24.970656","lng":"121.392602","ar":"育德街13號對面人行道","sareaen":"Shulin Dist.","snaen":"Yude Elementary School","aren":"No.13, Yude St.(oppsite)","bemp":"18","act":"1"},{"sno":"1215","sna":"億光電子(樹林高中)","tot":"28","sbi":"3","sarea":"樹林區","mday":"20240602110937","lat":"24.983567","lng":"121.423601","ar":"中華路 / 樹中二街口(學校側門對面人行道)","sareaen":"Shulin Dist.","snaen":"Everlight Electronics Co.,Ltd (Shulin Senior High School)","aren":"Zhonghua Rd./Shuzhong 2nd St.(oppsite)","bemp":"20","act":"1"},{"sno":"1216","sna":"捷運永寧站(2號出口)","tot":"10","sbi":"2","sarea":"土城區","mday":"20240602110919","lat":"24.965783","lng":"121.436227","ar":"承天路11號對面","sareaen":"Tucheng Dist.","snaen":"MRT Yungning Sta.(EXIT 2)","aren":"No.11, Chengtian Rd.(oppsite)","bemp":"8","act":"1"},{"sno":"1220","sna":"新北市立圖書館鶯歌分館 ","tot":"24","sbi":"5","sarea":"鶯歌區","mday":"20240602110919","lat":"24.957195","lng":"121.349704","ar":"中山路150號(圖書館內停車場)","sareaen":"Yingge Dist.","snaen":"New Taipei City Library Yingge Branch","aren":"No.150, Zhongshan Rd.","bemp":"18","act":"1"},{"sno":"1221","sna":"德音國小","tot":"30","sbi":"5","sarea":"五股區","mday":"20240602110832","lat":"25.071515","lng":"121.435670","ar":"明德路2號(德音國小成泰路路側人行道)(鄰近維格餅家鳳梨酥夢工場)","sareaen":"Wugu Dist.","snaen":"De-Yin Elementary School","aren":"No.2, Mingde Rd.(oppsite)","bemp":"23","act":"1"},{"sno":"1225","sna":"先嗇宮","tot":"24","sbi":"0","sarea":"三重區","mday":"20240602110932","lat":"25.051190","lng":"121.476007","ar":"五谷王北街77號(後方停車場旁人行道)(鄰近三重先嗇宮)","sareaen":"Sanchong Dist.","snaen":"Xianse Temple","aren":"No.77, Wuguwang N. St.","bemp":"0","act":"1"},{"sno":"1227","sna":"光興國小","tot":"18","sbi":"1","sarea":"三重區","mday":"20240602110928","lat":"25.060339","lng":"121.500103","ar":"光興街/文化南路口(西南側)(光興街路側)(鄰近新北市眷村文化園區（空軍三重一村）)","sareaen":"Sanchong Dist.","snaen":"Guangxing Elementary School","aren":"Guangxing St./Wenhua S. Rd.","bemp":"17","act":"1"},{"sno":"1230","sna":"新月橋","tot":"18","sbi":"2","sarea":"新莊區","mday":"20240602110941","lat":"25.032300","lng":"121.450011","ar":"瓊林路1號旁(碧江公園旁)(鄰近新月橋/新莊廟街)","sareaen":"Xinzhuang Dist.","snaen":"Crescent Bridge","aren":"No.1, Qionglin Rd.","bemp":"15","act":"1"},{"sno":"1234","sna":"鴨母港抽水站","tot":"30","sbi":"1","sarea":"蘆洲區","mday":"20240602110943","lat":"25.082935","lng":"121.456728","ar":"永安南路二段334號(對面人行道)","sareaen":"Luzhou Dist.","snaen":"Yamugang Pumping Station","aren":"No.334, Sec. 2, Yong’an S. Rd.","bemp":"28","act":"1"},{"sno":"1235","sna":"捷運淡水站","tot":"28","sbi":"0","sarea":"淡水區","mday":"20240602110933","lat":"25.168826","lng":"121.444183","ar":"公明街73巷6號前(淡水老街廣場)(鄰近淡水捷運站/淡水龍山寺/捷運淡水線)","sareaen":"Tamsui Dist.","snaen":"MRT Tamsui Station","aren":"No.6, Ln. 73, Gongming St.","bemp":"27","act":"1"},{"sno":"1239","sna":"龍門公園","tot":"10","sbi":"1","sarea":"三重區","mday":"20240602110928","lat":"25.074815","lng":"121.498484","ar":"公園街/仁福街 (龍門公園人行道上)","sareaen":"Sanchong Dist.","snaen":"Longmen Park","aren":"Gongyuan St. / Renfu St.","bemp":"9","act":"1"},{"sno":"1241","sna":"永安圖書館","tot":"20","sbi":"1","sarea":"蘆洲區","mday":"20240602110938","lat":"25.078599","lng":"121.462228","ar":"永安南路二段150號(對側人行道)","sareaen":"Luzhou Dist.","snaen":"Yong-an Library","aren":"No.150, Sec. 2, Yong’an S. Rd.","bemp":"18","act":"1"},{"sno":"1242","sna":"西盛廣場","tot":"10","sbi":"0","sarea":"新莊區","mday":"20240602110935","lat":"25.000894","lng":"121.431485","ar":"樹新路251號對面(西盛廣場人行道)","sareaen":"Xinzhuang Dist.","snaen":"XiSheng Square","aren":"No.251, Shuxin Rd.(oppsite)","bemp":"10","act":"1"},{"sno":"1243","sna":"三峽區公所(三峽老街)","tot":"14","sbi":"4","sarea":"三峽區","mday":"20240602110935","lat":"24.934187","lng":"121.369158","ar":"中山路17號(公所旁徒步區)(鄰近三峽清水祖師廟/三峽歷史文物館/三峽老街)","sareaen":"Sanxia Dist.","snaen":"Sanxia District Office(Sanxia Old Street)","aren":"No.17, Zhongshan Rd.","bemp":"9","act":"1"},{"sno":"1246","sna":"永盛公園","tot":"22","sbi":"5","sarea":"三重區","mday":"20240602110939","lat":"25.076133","lng":"121.484304","ar":"車路頭街139巷135號(對面人行道)","sareaen":"Sanchong Dist.","snaen":"YongSheng Park","aren":"No.135, Ln. 139, Chelutou St.(oppsite)","bemp":"17","act":"1"},{"sno":"1247","sna":"鷺江廣場","tot":"10","sbi":"1","sarea":"蘆洲區","mday":"20240602110926","lat":"25.085621","lng":"121.477694","ar":"信義路319巷22號(旁邊機車格前)","sareaen":"Luzhou Dist.","snaen":"Lu Jiang square","aren":"No.22, Ln. 319, Xinyi Rd.(side)","bemp":"9","act":"1"},{"sno":"1248","sna":"六張公園","tot":"10","sbi":"0","sarea":"三重區","mday":"20240602110940","lat":"25.069661","lng":"121.494048","ar":"安慶街149巷21號 (對面六張公園人行道)","sareaen":"Sanchong Dist.","snaen":"Liuzhang Park","aren":"No.21, Ln. 149, Anqing St.(oppsite)","bemp":"10","act":"1"},{"sno":"1250","sna":"國立臺北大學(三峽校區)","tot":"30","sbi":"2","sarea":"三峽區","mday":"20240602110917","lat":"24.945553","lng":"121.373260","ar":"學勤路大學路口(面校門右側人行道)(鄰近國立台北大學)","sareaen":"Sanxia Dist.","snaen":"National Taipei University(Sanxia Campus)","aren":"Xueqin Rd. / Daxue Rd. intersection","bemp":"26","act":"1"},{"sno":"1253","sna":"中正富國路口","tot":"10","sbi":"0","sarea":"新莊區","mday":"20240602110943","lat":"25.025940","lng":"121.417694","ar":"中正路879之16號門口(中國信託前的公車站旁)","sareaen":"Xinzhuang Dist.","snaen":"Zhongzheng & Fuguo Intersection","aren":"No.879-16, Zhongzheng Rd.","bemp":"10","act":"1"},{"sno":"1255","sna":"新北市立圖書館五股成功分館","tot":"26","sbi":"1","sarea":"五股區","mday":"20240602110933","lat":"25.094784","lng":"121.446741","ar":"西雲路165號圖書館旁空地(鄰近西雲禪寺)","sareaen":"Wugu Dist.","snaen":"New Taipei City Library Wugu-Chenggong Branch","aren":"No.165, Xiyun Rd.","bemp":"23","act":"1"},{"sno":"1258","sna":"南樹林火車站","tot":"22","sbi":"1","sarea":"樹林區","mday":"20240602110924","lat":"24.980236","lng":"121.408605","ar":"中山路二段東興路口(火車站右側人行道)","sareaen":"Shulin Dist.","snaen":"Shulin South Station","aren":"Sec. 2, Zhongshan Rd. / Dongxing St. intersection","bemp":"20","act":"1"},{"sno":"1259","sna":"新北市立鶯歌高級工商職業學校","tot":"28","sbi":"4","sarea":"鶯歌區","mday":"20240602110925","lat":"24.939095","lng":"121.334639","ar":"中正三路235~237號(對面人行道)(鄰近亞洛美精靈國度)","sareaen":"Yingge Dist.","snaen":"New Taipei Municipal Yinggle Vocational High School","aren":"No.235-237, Zhongzheng 3rd Rd.(oppsite)","bemp":"23","act":"1"},{"sno":"1260","sna":"行政院新莊聯合辦公大樓","tot":"10","sbi":"2","sarea":"新莊區","mday":"20240602110936","lat":"25.055969","lng":"121.444423","ar":"中平路/榮華路2段","sareaen":"Xinzhuang Dist.","snaen":"Xinzhuang Joint Office Tower, Executive Yuan","aren":"Zhongping Rd./ Sec. 2, Ronghua Rd. intersection","bemp":"8","act":"0"},{"sno":"1261","sna":"柑園五里聯合活動中心","tot":"32","sbi":"14","sarea":"樹林區","mday":"20240602110924","lat":"24.950576","lng":"121.386183","ar":"佳園路三段128號(活動中心左側人行道)","sareaen":"Shulin Dist.","snaen":"5 Villages in Ganyuan Joint Activity Center","aren":"No.128, Sec. 3, Jiayuan Rd.","bemp":"18","act":"1"},{"sno":"1265","sna":"永昌里兒一公園","tot":"22","sbi":"6","sarea":"鶯歌區","mday":"20240602110943","lat":"24.956661","lng":"121.339645","ar":"鶯桃路182巷96弄36-38號對側","sareaen":"Yingge Dist.","snaen":"Yongchang Village Children Park (No.1)","aren":"No.36-38, Aly. 96, Ln. 182, Yingtao Rd.(oppsite)","bemp":"14","act":"1"},{"sno":"1270","sna":"頂新祖田市民活動中心","tot":"10","sbi":"0","sarea":"土城區","mday":"20240602110923","lat":"24.952710","lng":"121.411768","ar":"中央路四段285號","sareaen":"Tucheng Dist.","snaen":"Dingxin-Zutian Civic Activity Center","aren":"No.285, Sec. 4, Zhongyang Rd.","bemp":"10","act":"1"},{"sno":"1271","sna":"貴和市民活動中心","tot":"18","sbi":"0","sarea":"泰山區","mday":"20240602110944","lat":"25.034961","lng":"121.421928","ar":"明志路三段353號旁公園","sareaen":"Taishan Dist.","snaen":"Guihe Civil Activity Center","aren":"No.353, Sec. 3, Mingzhi Rd.","bemp":"16","act":"1"},{"sno":"1272","sna":"頂埔國小","tot":"26","sbi":"0","sarea":"土城區","mday":"20240602110930","lat":"24.956343","lng":"121.414421","ar":"中央路四段205號(頂埔國小校門口)(鄰近土城親子分館)","sareaen":"Tucheng Dist.","snaen":"Dingpu Elementary School","aren":"No.205, Sec. 4, Zhongyang Rd.","bemp":"26","act":"1"},{"sno":"1273","sna":"三峽區礁溪行政中心","tot":"16","sbi":"9","sarea":"三峽區","mday":"20240602110925","lat":"24.928438","lng":"121.375921","ar":"光明路71號(左側)","sareaen":"Sanxia Dist.","snaen":"Chiaohsi Office of Sanxia District","aren":"No.71, Guangming Rd., Sanxia Dist.","bemp":"7","act":"1"},{"sno":"1278","sna":"捷運新莊站(2號出口)","tot":"20","sbi":"1","sarea":"新莊區","mday":"20240602110919","lat":"25.036075","lng":"121.452792","ar":"新莊路214巷(捷運新莊站2號出口旁邊)","sareaen":"Xinzhuang Dist.","snaen":"MRT Xinzhuang Sta. (Exit 2)","aren":"Ln. 214, Xinzhuang Rd.","bemp":"19","act":"1"},{"sno":"1279","sna":"俊英俊保路口","tot":"24","sbi":"2","sarea":"樹林區","mday":"20240602110928","lat":"25.009150","lng":"121.425183","ar":"俊英街俊保路口(西北側人行道)","sareaen":"Shulin Dist.","snaen":"Junying & Junbao Intersection","aren":"Junying St./Junbao Rd.(intersecion)","bemp":"20","act":"1"},{"sno":"1280","sna":"五股國民運動中心","tot":"28","sbi":"0","sarea":"五股區","mday":"20240602110925","lat":"25.095553","lng":"121.448652","ar":"成泰路三段353號(對面公園內)","sareaen":"Wugu Dist.","snaen":"Wugu Civil Sports Center","aren":"No. 353, Sec. 3, Chengtai Rd., Wugu Dist.","bemp":"27","act":"1"},{"sno":"1281","sna":"學成大義路口","tot":"24","sbi":"7","sarea":"樹林區","mday":"20240602110924","lat":"24.945099","lng":"121.378671","ar":"學成路大義路口(西北側人行道)","sareaen":"Shulin Dist.","snaen":"Xuecheng & Dayi Intersection","aren":"Xuecheng Rd./Dayi Rd.(intersecion)","bemp":"16","act":"1"},{"sno":"1282","sna":"捷運頭前庄站(1號出口)","tot":"64","sbi":"0","sarea":"新莊區","mday":"20240602110942","lat":"25.039365","lng":"121.460856","ar":"中正路/思源路(東北側)(捷運頭前庄站1號出口旁廣場)","sareaen":"Xinzhuang Dist.","snaen":"MRT Touqianzhuang Sta.(Exit.1)","aren":"Zhongzheng Rd./Siyuan Rd.(intersection)","bemp":"64","act":"1"},{"sno":"1284","sna":"成德公園","tot":"30","sbi":"1","sarea":"五股區","mday":"20240602110932","lat":"25.105052","lng":"121.452963","ar":"成泰路三段成洲八路口東北側成德公園路側","sareaen":"Wugu Dist.","snaen":"Chengde Park","aren":"Sec. 3, Chengtai Rd./Chengzhou 8th Rd.(intersecion)","bemp":"27","act":"1"},{"sno":"1287","sna":"恩主公醫院","tot":"32","sbi":"2","sarea":"三峽區","mday":"20240602110916","lat":"24.938912","lng":"121.363553","ar":"復興路372號(對面公車亭後方人行道)","sareaen":"Sanxia Dist.","snaen":"En Chu Kong Hospital","aren":"No.372, Fuxing Rd.(oppsite)","bemp":"29","act":"1"},{"sno":"1290","sna":"三重永豐公園","tot":"14","sbi":"1","sarea":"三重區","mday":"20240602110920","lat":"25.074629","lng":"121.478162","ar":"永福街197巷6之1號","sareaen":"Sanchong Dist.","snaen":"San chong Yongfeng Park","aren":"No.6-1, Ln. 197, Yongfu St.","bemp":"13","act":"1"},{"sno":"1292","sna":"新莊體育館","tot":"22","sbi":"3","sarea":"新莊區","mday":"20240602110916","lat":"25.040766","lng":"121.452459","ar":"中華路一段136巷對面","sareaen":"Xinzhuang Dist.","snaen":"Xinzhuang Gymnasium","aren":"Ln. 136, Sec. 1, Zhonghua Rd.(oppsite)","bemp":"18","act":"1"},{"sno":"1294","sna":"三多國小","tot":"20","sbi":"1","sarea":"樹林區","mday":"20240602110936","lat":"25.016405","lng":"121.407135","ar":"三福街83-89號(對面人行道)","sareaen":"Shulin Dist.","snaen":"Sanduo Elementary School","aren":"No.83-89, Sanfu St.(oppsite)","bemp":"19","act":"1"},{"sno":"1295","sna":"永安兒童公園","tot":"28","sbi":"5","sarea":"蘆洲區","mday":"20240602110917","lat":"25.082273","lng":"121.482236","ar":"永安北路2段/永安北路2段35巷","sareaen":"Luzhou Dist.","snaen":"Yongan Children's Park","aren":"Sec. 2, Yong’an N. Rd./ Ln. 35, Sec. 2, Yong’an N. Rd.(intersection)","bemp":"23","act":"1"},{"sno":"1303","sna":"樹林國民運動中心","tot":"20","sbi":"1","sarea":"樹林區","mday":"20240602110934","lat":"25.004186","lng":"121.422847","ar":"樹林區中正路188-6號","sareaen":"Shulin Dist.","snaen":"Shulin  Civil  Sports Center","aren":"No.188-6,Zhongzheng Rd.,Shulin Dist.","bemp":"18","act":"1"},{"sno":"1304","sna":"捷運輔大站(4號出口)","tot":"10","sbi":"1","sarea":"新莊區","mday":"20240602110935","lat":"25.033025","lng":"121.436484","ar":"新莊區 中正路510之1號(鄰近輔仁大學)","sareaen":"Xinzhuang Dist.","snaen":"MRT Fu Jen University Sta.(Exit.4)","aren":"No.510-1, Zhongzheng Rd., Xinzhuang Dist.","bemp":"9","act":"1"},{"sno":"1305","sna":"民安東民全街口","tot":"26","sbi":"1","sarea":"新莊區","mday":"20240602110933","lat":"25.020774","lng":"121.429556","ar":"新莊區民安東路48號前人行道","sareaen":"Xinzhuang Dist.","snaen":"Min’an E.& Minquan Intersection","aren":"No.48 Min’an E. Rd., Xinzhuang Dist.","bemp":"24","act":"1"},{"sno":"1306","sna":"中興北街175巷口","tot":"10","sbi":"0","sarea":"三重區","mday":"20240602110937","lat":"25.055970","lng":"121.471327","ar":"三重區中興北街175巷10號對面(路側)","sareaen":"Sanchong Dist.","snaen":"Zhongxing N. St. 175 Ln","aren":"No.10, Ln. 175,Zhongxing N. St., Sanchong Dist.","bemp":"10","act":"1"},{"sno":"1308","sna":"五股工商立體停車場","tot":"22","sbi":"0","sarea":"五股區","mday":"20240602110942","lat":"25.082494","lng":"121.439555","ar":"五股區中興路四段19-1號(對面人行道)","sareaen":"Wugu Dist.","snaen":"Wugu Gongshang Parking Towe","aren":"No.19-1, Sec. 4, Zhongxing Rd., Wugu Dist(oppsite)","bemp":"22","act":"1"},{"sno":"1309","sna":"沛陂社區公園","tot":"22","sbi":"0","sarea":"土城區","mday":"20240602110928","lat":"24.963289","lng":"121.419672","ar":"土城區三民路23巷8弄(公園裡面)","sareaen":"Tucheng Dist.","snaen":"Peipo Community Park","aren":"Aly. 8, Ln. 23, Sanmin Rd., Tucheng Dist","bemp":"22","act":"1"},{"sno":"1312","sna":"龍鳳公園","tot":"10","sbi":"1","sarea":"新莊區","mday":"20240602110924","lat":"25.021447","lng":"121.416497","ar":"新莊區龍安路72號對面(公園人行道)","sareaen":"Xinzhuang Dist.","snaen":"Longfeng Park","aren":"No.72, Long’an Rd., Xinzhuang Dist.(oppsite)","bemp":"9","act":"1"},{"sno":"1313","sna":"伊吉邦社區","tot":"10","sbi":"0","sarea":"新莊區","mday":"20240602110936","lat":"25.030186","lng":"121.413402","ar":"新莊區新北大道7段312號(人行道)","sareaen":"Xinzhuang Dist.","snaen":"Yijibang","aren":"No.312, Sec. 7, New Taipei Blvd., Xinzhuang Dist","bemp":"10","act":"1"},{"sno":"1314","sna":"三多第1市民活動中心","tot":"22","sbi":"0","sarea":"樹林區","mday":"20240602110940","lat":"25.016361","lng":"121.404257","ar":"樹林區福興街17號(活動中心前機車格)","sareaen":"Shulin Dist.","snaen":"First of Sanduo Civil Activity Center","aren":"No.17, Fuxing St., Shulin Dist","bemp":"21","act":"1"},{"sno":"1320","sna":"民生親子公園","tot":"14","sbi":"4","sarea":"樹林區","mday":"20240602110924","lat":"24.992983","lng":"121.428196","ar":"新北市樹林區保安街一段/保安街一段14巷","sareaen":"Shulin Dist.","snaen":"Minsheng Parent-child Park","aren":"No.1, Ln. 14, Sec. 1, Bao’an St., Shulin Dist","bemp":"9","act":"1"},{"sno":"1321","sna":"樹林工業區","tot":"20","sbi":"0","sarea":"樹林區","mday":"20240602110920","lat":"25.000868","lng":"121.416091","ar":"樹林區保安街二段6號(前面廣場)(鄰近樹林興仁花園夜市)","sareaen":"Shulin Dist.","snaen":"Shulin industrial zone","aren":"No.6, Sec. 2, Bao’an St., Shulin Dist.(square)","bemp":"19","act":"1"},{"sno":"1322","sna":"龍埔公園","tot":"18","sbi":"5","sarea":"三峽區","mday":"20240602110939","lat":"24.938911","lng":"121.373676","ar":"新北市三峽區國光街85號","sareaen":"Sanxia Dist.","snaen":"Longpu Park","aren":"No.85, Guoguang St., Sanxia Dist","bemp":"12","act":"1"},{"sno":"1323","sna":"尖山國中","tot":"24","sbi":"3","sarea":"鶯歌區","mday":"20240602110922","lat":"24.944300","lng":"121.342089","ar":"鶯歌區國中街1號(人行道)","sareaen":"Yingge Dist.","snaen":"Municipal Jianshan Junior High School","aren":"No.1, Guozhong St., Yingge Dist(sidewalk)","bemp":"17","act":"1"},{"sno":"1326","sna":"捷運海山站(1號出口)","tot":"50","sbi":"0","sarea":"土城區","mday":"20240602110924","lat":"24.984695","lng":"121.448504","ar":"土城區海山路(捷運海山站1號出口人行道)","sareaen":"Tucheng Dist.","snaen":"MRT Haishan","aren":"Haishan Rd., Tucheng Dist.(MRT Haishan 1)","bemp":"50","act":"1"},{"sno":"1332","sna":"台北得意GO","tot":"16","sbi":"0","sarea":"五股區","mday":"20240602110917","lat":"25.074424","lng":"121.467852","ar":"五股區四維路116號(人行道)","sareaen":"Wugu Dist.","snaen":"Taipei Deyi GO","aren":"No. 116, Siwei Rd., Wugu Dist.","bemp":"14","act":"1"},{"sno":"1334","sna":"太陽公園","tot":"18","sbi":"2","sarea":"三重區","mday":"20240602110920","lat":"25.086448","lng":"121.485599","ar":"三重區三賢街203號(對面汽車格)(鄰近蘆洲兒童親子分館)","sareaen":"Sanchong Dist.","snaen":"Taiyang Park","aren":"No.203, Sanxian St., Sanchong Dist","bemp":"15","act":"1"},{"sno":"1335","sna":"三重五常公園","tot":"10","sbi":"1","sarea":"三重區","mday":"20240602110918","lat":"25.080648","lng":"121.496149","ar":"三重區五華街7巷(對面公園人行道)","sareaen":"Sanchong Dist.","snaen":"Wuchang Park(Sanchong Dist)","aren":"Ln. 7, Wuhua St., Sanchong Dist","bemp":"9","act":"1"},{"sno":"1336","sna":"三德公園","tot":"12","sbi":"0","sarea":"三重區","mday":"20240602110941","lat":"25.074974","lng":"121.500542","ar":"三重區仁和街205號(斜對面公園人行道)","sareaen":"Sanchong Dist.","snaen":"Sante Park","aren":"No.205, Renhe St., Sanchong Dist","bemp":"12","act":"1"},{"sno":"1337","sna":"力行大勇街口","tot":"10","sbi":"1","sarea":"三重區","mday":"20240602110838","lat":"25.071928","lng":"121.481508","ar":"三重區力行路/大勇街口(路側)","sareaen":"Sanchong Dist.","snaen":"Lixing & Tayung Intersection","aren":"Sec. 1, Lixing Rd., Sanchong Dist.,/,Dayong St., Sanchong Dist.(oppsite)","bemp":"9","act":"1"},{"sno":"1338","sna":"蘆洲延平派出所","tot":"10","sbi":"4","sarea":"蘆洲區","mday":"20240602110932","lat":"25.081620","lng":"121.461620","ar":"蘆洲區長安街102巷5弄12號(對面)","sareaen":"Luzhou Dist.","snaen":"Luzhou Yanping Police Station","aren":"No.12, Aly. 5, Ln. 102, Chang’an St., Luzhou Dist.","bemp":"6","act":"1"},{"sno":"1339","sna":"永安南路九芎街71巷口","tot":"20","sbi":"1","sarea":"蘆洲區","mday":"20240602110921","lat":"25.077564","lng":"121.466071","ar":"蘆洲區永安南路/九芎街71巷口(對面人行道)","sareaen":"Luzhou Dist.","snaen":"Yong' an S. Rd. & Ln. 71, Jiuqiong St Intersection","aren":"No.1, Sec. 2, Yong’an S. Rd., Luzhou Dist/No.1, Ln. 71, Jiuqiong St.","bemp":"19","act":"1"},{"sno":"1344","sna":"樹林國小","tot":"22","sbi":"0","sarea":"樹林區","mday":"20240602110922","lat":"24.989136","lng":"121.41791","ar":"樹林區啟智街/文化街口(啟智街129號)","sareaen":"Shulin Dist.","snaen":"Shulin elementary school","aren":"Wenhua St./Qizhi St., Shulin Dist., New Taipei City","bemp":"20","act":"1"},{"sno":"1345","sna":"永吉國小","tot":"30","sbi":"13","sarea":"鶯歌區","mday":"20240602110932","lat":"24.958747","lng":"121.333095","ar":"鶯歌區德昌二街39號(對面人行道)","sareaen":"Yingge Dist.","snaen":"Yongchi elementary school","aren":"No.39, Dechang 2nd St., Yingge Dist.","bemp":"17","act":"1"},{"sno":"1346","sna":"中園國小","tot":"16","sbi":"6","sarea":"三峽區","mday":"20240602110931","lat":"24.927551","lng":"121.366919","ar":"三峽區弘園街55號(對面人行道)","sareaen":"Sanxia Dist.","snaen":"Zhongyuan elementary school","aren":"No.55, Hongyuan St., Sanxia Dist","bemp":"10","act":"1"},{"sno":"1347","sna":"介壽國小","tot":"18","sbi":"7","sarea":"三峽區","mday":"20240602110917","lat":"24.930341","lng":"121.378835","ar":"三峽區介壽路一段/大同路口(人行道)","sareaen":"Sanxia Dist.","snaen":"Jieshou elementary school","aren":"No.1, Sec. 1, Jieshou Rd., Sanxia Dist./ Datong Rd.","bemp":"8","act":"1"},{"sno":"1348","sna":"安溪國中","tot":"26","sbi":"10","sarea":"三峽區","mday":"20240602110926","lat":"24.926790","lng":"121.371957","ar":"三峽區中正路一段/大同路(人行道路橋旁)","sareaen":"Sanxia Dist.","snaen":"Ansi Junior High School","aren":"Zhongzheng Road Section / Datong Road (next to the sidewalk)","bemp":"14","act":"1"},{"sno":"1349","sna":"龍埔國小","tot":"18","sbi":"13","sarea":"三峽區","mday":"20240602110943","lat":"24.941224","lng":"121.376763","ar":"三峽區大學路47號(對面人行道)","sareaen":"Sanxia Dist.","snaen":"Longpu elementary school","aren":"No.47, Daxue Rd., Sanxia Dist.","bemp":"4","act":"1"},{"sno":"1350","sna":"大安路與中山路二段口","tot":"28","sbi":"2","sarea":"樹林區","mday":"20240602110934","lat":"24.983043","lng":"121.411318","ar":"樹林區大安路622號(前人行道)","sareaen":"Shulin Dist.","snaen":"Daan & Sec.2 Zhongshan Intersection","aren":"No. 622, Daan Rd., Shulin Dist.","bemp":"25","act":"1"},{"sno":"1351","sna":"樹林區公所","tot":"28","sbi":"3","sarea":"樹林區","mday":"20240602110929","lat":"24.989760","lng":"121.424780","ar":"樹林區博愛街198-1~198-5號(對面人行道)","sareaen":"Shulin Dist.","snaen":"Shulin District Office","aren":"No.198-1~198-5, Bo’ai St., Shulin Dist.","bemp":"25","act":"1"},{"sno":"1352","sna":"蘆洲重陽大樓","tot":"14","sbi":"3","sarea":"蘆洲區","mday":"20240602110932","lat":"25.085055","lng":"121.481887","ar":"重陽二街22號(對面人行道)(鄰近蘆洲兒童親子分館)","sareaen":"Luzhou Dist.","snaen":"Luzhou Chongyang Building","aren":"No.22, Chongyang 2nd St., Luzhou Dist.","bemp":"10","act":"1"},{"sno":"1359","sna":"味王街","tot":"24","sbi":"0","sarea":"樹林區","mday":"20240602110943","lat":"24.974674","lng":"121.404424","ar":"味王街3號(馬路側)","sareaen":"Shulin Dist.","snaen":"St. Weiwang","aren":"No. 3, Weiwang Street, Shulin Dist.","bemp":"24","act":"1"},{"sno":"1360","sna":"福基公園","tot":"10","sbi":"1","sarea":"新莊區","mday":"20240602110934","lat":"25.058100","lng":"121.460892","ar":"福美街128巷12號","sareaen":"Xinzhuang Dist.","snaen":"Zhenyi Village Park","aren":"No.12, Ln. 128, Fumei St., Xinzhuang Dist.","bemp":"8","act":"1"},{"sno":"1362","sna":"安溪國小","tot":"24","sbi":"13","sarea":"三峽區","mday":"20240602110938","lat":"24.930621","lng":"121.372344","ar":"中華路61號(對面路側)(鄰近李梅樹紀念館)","sareaen":"Sanxia Dist.","snaen":"Anxi Elementary School","aren":"No.61, Zhonghua Rd., Sanxia Dist.","bemp":"6","act":"1"},{"sno":"1368","sna":"昌隆國小","tot":"18","sbi":"3","sarea":"新莊區","mday":"20240602110950","lat":"25.052129","lng":"121.454891","ar":"昌平街/昌平街31巷(對面昌隆國小人行道)","sareaen":"Xinzhuang Dist.","snaen":"Changlong Elementary School","aren":"Changping Street / Changping Street 31 Lane (opposite the Changlong Primary School sidewalk)","bemp":"15","act":"1"},{"sno":"1369","sna":"捷運新莊副都心站","tot":"20","sbi":"0","sarea":"新莊區","mday":"20240602110941","lat":"25.059145","lng":"121.446614","ar":"新莊區新北大道四段/中信街口(捷運副都心站2號出口)","sareaen":"Xinzhuang Dist.","snaen":"MRT Xinzhuang Fuduxin Sta.","aren":"Sec. 4, New Taipei Blvd./Zhongxin St., Xinzhuang Dist.","bemp":"16","act":"1"},{"sno":"1373","sna":"捷運新北產業園區站","tot":"20","sbi":"0","sarea":"新莊區","mday":"20240602110943","lat":"25.062029","lng":"121.459184","ar":"新莊區五工路55號","sareaen":"Xinzhuang Dist.","snaen":"MRT New Taipei Industrial Park Sta.","aren":"No.55, Wugong Rd., Xinzhuang Dist.","bemp":"20","act":"1"},{"sno":"1374","sna":"捷運泰山貴和站","tot":"16","sbi":"0","sarea":"泰山區","mday":"20240602110943","lat":"25.033192","lng":"121.422215","ar":"泰山區新北大道6段/貴陽街(貴陽街12號對面捷運站)","sareaen":"Taishan Dist.","snaen":"MRT Taishan Guihe Sta.","aren":"Sec. 6, New Taipei Blvd./No.12, Guiyang St., Taishan Dist.","bemp":"10","act":"1"},{"sno":"1380","sna":"中正北路193巷(愛買三重店)","tot":"10","sbi":"3","sarea":"三重區","mday":"20240602110929","lat":"25.071362","lng":"121.475985","ar":"中正北路193巷45號(賣場停車場)","sareaen":"Sanchong Dist.","snaen":"Ln. 193, Zhongzheng N. Rd(A.Mart Sanchong)","aren":"No.45, Ln. 193, Zhongzheng N. Rd., Sanchong Dist.","bemp":"7","act":"1"},{"sno":"1381","sna":"翔譽雙子星","tot":"8","sbi":"1","sarea":"三重區","mday":"20240602110932","lat":"25.053638","lng":"121.492924","ar":"中正南路251號(右側人行道)","sareaen":"Sanchong Dist.","snaen":"Xiang Yu Twin Towers","aren":"No.251, Zhongzheng S. Rd., Sanchong Dist.","bemp":"7","act":"1"},{"sno":"1382","sna":"明志科技大學","tot":"36","sbi":"0","sarea":"泰山區","mday":"20240602110936","lat":"25.040434","lng":"121.422548","ar":"工專路84號對面人行道","sareaen":"Taishan Dist.","snaen":"Ming Chi University Of Technology","aren":"No.84, Gongzhuan Rd., Taishan Dist.","bemp":"33","act":"1"},{"sno":"1383","sna":"三民高中(民權路)","tot":"12","sbi":"1","sarea":"蘆洲區","mday":"20240602110936","lat":"25.088024","lng":"121.473928","ar":"民權路100號(對面人行道)","sareaen":"Luzhou Dist.","snaen":"Sanmin Senior High School(Minquan Rd.)","aren":"No.100, Minquan Rd., Luzhou Dist.","bemp":"10","act":"1"},{"sno":"1384","sna":"環河福德南路口","tot":"18","sbi":"1","sarea":"三重區","mday":"20240602110945","lat":"25.060285","lng":"121.502173","ar":"福德南路71號(對面人行道)","sareaen":"Sanchong Dist.","snaen":"Huanhe S. & Fude S. Rd.","aren":"No.71, Fude S. Rd., Sanchong Dist.","bemp":"17","act":"1"},{"sno":"1385","sna":"文林國小(潭興街)","tot":"22","sbi":"0","sarea":"樹林區","mday":"20240602110942","lat":"24.998601","lng":"121.424892","ar":"潭興街65號(對面汽車停車格)","sareaen":"Shulin Dist.","snaen":"Wenlin Elementary School( Tanxing St.)","aren":"No. 65, Tan Xing Street, Shulin Dist.","bemp":"14","act":"1"},{"sno":"1389","sna":"東陽市民活動中心","tot":"20","sbi":"1","sarea":"樹林區","mday":"20240602110932","lat":"24.982192","lng":"121.412517","ar":"鎮前街467號(活動中心路側)","sareaen":"Shulin Dist.","snaen":"Dongyang Civil Activity Center","aren":"No.467, Zhenqian St., Shulin Dist","bemp":"19","act":"1"},{"sno":"1408","sna":"蘆洲李宅古蹟","tot":"18","sbi":"0","sarea":"蘆洲區","mday":"20240602110944","lat":"25.084959","lng":"121.466551","ar":"中正路185巷68弄9號(對面人行道)(鄰近蘆洲李宅(李友邦將軍紀念館))","sareaen":"Luzhou Dist.","snaen":"Luzhou Lee Family Historic Estate","aren":"No.9, Aly. 68, Ln. 185, Zhongzheng Rd., Luzhou Dist.","bemp":"18","act":"1"},{"sno":"1410","sna":"新莊勞工中心","tot":"10","sbi":"3","sarea":"新莊區","mday":"20240602110938","lat":"25.020332","lng":"121.433736","ar":"新樹路222號","sareaen":"Xinzhuang Dist.","snaen":"Xinzhuang Labors Center","aren":"No.222, Xinshu Rd., Xinzhuang Dist.","bemp":"7","act":"1"},{"sno":"1415","sna":"福美公園","tot":"10","sbi":"0","sarea":"新莊區","mday":"20240602110942","lat":"25.055033","lng":"121.461081","ar":"福美街/福美街62巷口(西北側人行道)","sareaen":"Xinzhuang Dist.","snaen":"Fumei Park","aren":"Fumei St./Ln. 62, Fumei St., Xinzhuang Dist.","bemp":"10","act":"1"},{"sno":"1418","sna":"五股郵局","tot":"18","sbi":"0","sarea":"五股區","mday":"20240602110918","lat":"25.101774","lng":"121.451127","ar":"凌雲路一段80巷9號(對面人行道)","sareaen":"Wugu Dist.","snaen":"Wu Gu Post Office","aren":"No.9, Ln. 80, Sec. 1, Lingyun Rd., Wugu Dist.","bemp":"18","act":"1"},{"sno":"1423","sna":"鳳祥公園","tot":"22","sbi":"5","sarea":"鶯歌區","mday":"20240602110915","lat":"24.962819","lng":"121.330254","ar":"鶯桃路413巷65弄4號(對面)","sareaen":"Yingge Dist.","snaen":"Fengxiang Park","aren":"No.4, Aly. 65, Ln. 413, Yingtao Rd., Yingge Dist.","bemp":"16","act":"1"},{"sno":"1424","sna":"光明市場","tot":"12","sbi":"4","sarea":"三重區","mday":"20240602110934","lat":"25.057335","lng":"121.491809","ar":"光明路67-1號(對面)","sareaen":"Sanchong Dist.","snaen":"Guangming Market","aren":"No.67-1, Guangming Rd., Sanchong Dist.","bemp":"8","act":"1"},{"sno":"1427","sna":"土城國中","tot":"10","sbi":"0","sarea":"土城區","mday":"20240602110948","lat":"24.962443","lng":"121.430347","ar":"永寧路18號(對面)","sareaen":"Tucheng Dist.","snaen":"Tucheng Junior High School","aren":"No.18, Yongning Rd., Tucheng Dist.","bemp":"9","act":"1"},{"sno":"1431","sna":"公五公園","tot":"20","sbi":"4","sarea":"五股區","mday":"20240602110942","lat":"25.086580","lng":"121.444520","ar":"芳州五路/芳州二路口(東北側)","sareaen":"Wugu Dist.","snaen":"Wugu Gongwu Park","aren":"Fangzhou 5th Rd./Fangzhou 2nd Rd., Wugu Dist.","bemp":"16","act":"1"},{"sno":"1433","sna":"樹林大安站","tot":"10","sbi":"0","sarea":"樹林區","mday":"20240602110917","lat":"24.997312","lng":"121.421725","ar":"大安路118號(外側)","sareaen":"Shulin Dist.","snaen":"Shulin Da’an","aren":"No.118, Da’an Rd., Shulin Dist.","bemp":"10","act":"1"},{"sno":"1435","sna":"民義公園","tot":"32","sbi":"0","sarea":"五股區","mday":"20240602110740","lat":"25.088350","lng":"121.434500","ar":"五福路五福路6巷口(五福橋旁公園)","sareaen":"Wugu Dist.","snaen":"Minyi Park","aren":"Wufu Rd./Ln. 6, Wufu Rd., Wugu Dist.","bemp":"31","act":"1"},{"sno":"1437","sna":"成州國小","tot":"12","sbi":"1","sarea":"五股區","mday":"20240602110927","lat":"25.099230","lng":"121.450630","ar":"成泰路三段493號(東側)","sareaen":"Wugu Dist.","snaen":"Chengzhou Elementary School","aren":"No.493, Sec. 3, Chengtai Rd., Wugu Dist.","bemp":"10","act":"1"},{"sno":"1438","sna":"中興北街42巷17弄","tot":"10","sbi":"0","sarea":"三重區","mday":"20240602110917","lat":"25.050060","lng":"121.468920","ar":"中興北街42巷17弄8號旁","sareaen":"Sanchong Dist.","snaen":"Aly. 17, Ln. 42, Zhongxing N. St.","aren":"No.8, Aly. 17, Ln. 42, Zhongxing N. St., Sanchong Dist.","bemp":"10","act":"1"},{"sno":"1441","sna":"三光國小(金滿意)","tot":"10","sbi":"0","sarea":"三重區","mday":"20240602110919","lat":"25.055960","lng":"121.496874","ar":"大同南路246-1號(對面人行道)","sareaen":"Sanchong Dist.","snaen":"Sanguang Elementary School(JinManYi)","aren":"No.246-1, Datong S. Rd., Sanchong Dist.","bemp":"10","act":"1"},{"sno":"1442","sna":"蘆洲中路公園","tot":"10","sbi":"1","sarea":"蘆洲區","mday":"20240602110922","lat":"25.082299","lng":"121.468143","ar":"光華路87巷7號(右側)","sareaen":"Luzhou Dist.","snaen":"Luzhou Zhonglu Park","aren":"No.7, Ln. 87, Guanghua Rd., Luzhou Dist.","bemp":"9","act":"1"},{"sno":"1449","sna":"明德高中","tot":"46","sbi":"0","sarea":"三峽區","mday":"20240602110937","lat":"24.907449","lng":"121.364848","ar":"中正路二段/中正路二段395巷口","sareaen":"Sanxia Dist.","snaen":"MingDer Senior High School","aren":"Sec. 2, Zhongzheng Rd. / Ln. 395, Sec. 2, Zhongzheng Rd., Sanxia Dist.","bemp":"43","act":"1"},{"sno":"1450","sna":"鳳鳴國小","tot":"22","sbi":"7","sarea":"鶯歌區","mday":"20240602110928","lat":"24.969198","lng":"121.334806","ar":"永和街120號(校門前)","sareaen":"Yingge Dist.","snaen":"Fengming Elementary School","aren":"No.120, Yonghe St., Yingge Dist.","bemp":"14","act":"1"},{"sno":"1452","sna":"藍天大樓","tot":"16","sbi":"2","sarea":"三重區","mday":"20240602110924","lat":"25.053098","lng":"121.470165","ar":"興德路129號(旁)","sareaen":"Sanchong Dist.","snaen":"Lantian Building","aren":"No.129, Xingde Rd., Sanchong Dist.","bemp":"13","act":"1"},{"sno":"1454","sna":"大智公園","tot":"12","sbi":"1","sarea":"三重區","mday":"20240602110943","lat":"25.063608","lng":"121.494449","ar":"大同北路56號(對面)","sareaen":"Sanchong Dist.","snaen":"Dazhi Park","aren":"No.56, Datong N. Rd., Sanchong Dist.","bemp":"13","act":"1"},{"sno":"1455","sna":"國際二國際一路口","tot":"30","sbi":"13","sarea":"鶯歌區","mday":"20240602110922","lat":"24.976171","lng":"121.334938","ar":"國際二路/國際一路口","sareaen":"Yingge Dist.","snaen":"Guoji 2nd Guoji 1st Intersection","aren":"Guoji 2nd Rd./Guoji 1st Rd., Yingge Dist.","bemp":"14","act":"1"},{"sno":"1456","sna":"三重高中","tot":"10","sbi":"0","sarea":"三重區","mday":"20240602110918","lat":"25.054777","lng":"121.491710","ar":"集美街217號(對面)","sareaen":"Sanchong Dist.","snaen":"SanChong Senior High School","aren":"No.217, Jimei St., Sanchong Dist.","bemp":"10","act":"1"},{"sno":"1457","sna":"昌平公園","tot":"12","sbi":"0","sarea":"新莊區","mday":"20240602110938","lat":"25.058664","lng":"121.458109","ar":"中央路/福壽街口","sareaen":"Xinzhuang Dist.","snaen":"Changping Park","aren":"Zhongyang Rd./Fushou St., Xinzhuang Dist.","bemp":"11","act":"1"},{"sno":"1458","sna":"新北市客家文化園區","tot":"38","sbi":"15","sarea":"三峽區","mday":"20240602110945","lat":"24.941729","lng":"121.359538","ar":"隆恩街239號(右側)","sareaen":"Sanxia Dist.","snaen":"Hakka Museum New Taipei City Government","aren":"No.239, Long’en St., Sanxia Dist.","bemp":"21","act":"1"},{"sno":"1463","sna":"新泰游泳池","tot":"20","sbi":"1","sarea":"新莊區","mday":"20240602110943","lat":"25.045414","lng":"121.442734","ar":"新泰路478號(對面)(鄰近新莊文化藝術中心)","sareaen":"Xinzhuang Dist.","snaen":"Xintai Swimming Pool","aren":"No.478, Xintai Rd., Xinzhuang Dist.","bemp":"19","act":"1"},{"sno":"1464","sna":"森林公園","tot":"18","sbi":"9","sarea":"樹林區","mday":"20240602110935","lat":"24.948177","lng":"121.379760","ar":"學勤路382號(對面)","sareaen":"Shulin Dist.","snaen":"Forest Park","aren":"No.382, Xueqin Rd., Shulin Dist.(opposite)","bemp":"11","act":"1"},{"sno":"1467","sna":"南雅育智路口","tot":"28","sbi":"16","sarea":"鶯歌區","mday":"20240602110929","lat":"24.953961","lng":"121.345824","ar":"南雅路491號(對面)","sareaen":"Yingge Dist.","snaen":"Nanya & Yuzhi Rd. Intersection","aren":"No.491, Nanya Rd., Yingge Dist.(opposite)","bemp":"9","act":"1"},{"sno":"1468","sna":"穀保家商","tot":"10","sbi":"2","sarea":"三重區","mday":"20240602110939","lat":"25.068097","lng":"121.471028","ar":"疏洪東路三段/中正北路560巷口(鄰近二重環狀自行車道)","sareaen":"Sanchong Dist.","snaen":"Ku Pao Home Economics & Commercial High School","aren":"Sec. 4,Shuhong WRd., Sanchong Dist./Ln. 560, Zhongzheng N. Rd.","bemp":"8","act":"1"},{"sno":"1470","sna":"學成大成路口","tot":"20","sbi":"9","sarea":"樹林區","mday":"20240602110939","lat":"24.946248","lng":"121.382719","ar":"學成路712號(旁)","sareaen":"Shulin Dist.","snaen":"Xuecheng & Dacheng Intersection","aren":"No.712, Xuecheng Rd., Shulin Dist.","bemp":"10","act":"1"},{"sno":"1477","sna":"大眾廟","tot":"12","sbi":"0","sarea":"新莊區","mday":"20240602110939","lat":"25.037380","lng":"121.457660","ar":"中正路82號(旁)","sareaen":"Xinzhuang Dist.","snaen":"Dazhong Temple","aren":"No.82, Zhongzheng Rd.,Xinzhuang Dist.","bemp":"11","act":"1"},{"sno":"1478","sna":"化成公園","tot":"22","sbi":"0","sarea":"新莊區","mday":"20240602110934","lat":"25.047860","lng":"121.461962","ar":"思源路166巷4號(前)","sareaen":"XinZhuang Dist.","snaen":"Huacheng Park","aren":"NO.43.Lin.166 Siyuan Rd. XinZhuang Dist","bemp":"21","act":"1"},{"sno":"1479","sna":"龍恩公園","tot":"30","sbi":"0","sarea":"三峽區","mday":"20240602110942","lat":"24.941359","lng":"121.370524","ar":"國際一街90號(對面)(鄰近國立台北大學)","sareaen":"Sanxia Dist.","snaen":"Long En Park","aren":"No.90. Guoji 1st .Sanxia Dist.","bemp":"30","act":"1"},{"sno":"1480","sna":"新北市工商展覽中心","tot":"28","sbi":"1","sarea":"五股區","mday":"20240602110916","lat":"25.064345","lng":"121.447585","ar":"五工六路35號(對面)","sareaen":"Wugu Dist.","snaen":"New Taipei City Exhibition Hall","aren":"No.35, Wugong 6th Rd., Wugu Dist.","bemp":"25","act":"1"},{"sno":"1483","sna":"海洋公園","tot":"22","sbi":"4","sarea":"三峽區","mday":"20240602110930","lat":"24.947490","lng":"121.376895","ar":"大義路/學勤路口(西北側)","sareaen":"Sanxia Dist.","snaen":"Ocean Park","aren":"Dayi Rd. / Xueqin Rd., Sanxia Dist.","bemp":"18","act":"1"},{"sno":"1486","sna":"臺北大學(資訊中心)","tot":"26","sbi":"12","sarea":"三峽區","mday":"20240602110921","lat":"24.943170","lng":"121.369520","ar":"大學路151號(資訊中心旁)","sareaen":"Sanxia Dist.","snaen":"NTPU(Computer Center)","aren":"No.151, Daxue Rd., Sanxia Dist.","bemp":"12","act":"1"},{"sno":"1488","sna":"新莊田徑場","tot":"18","sbi":"1","sarea":"新莊區","mday":"20240602110821","lat":"25.043570","lng":"121.452440","ar":"復興路一段209號 (對面)","sareaen":"Xinzhuang Dist.","snaen":"Xinzhuang Stadium","aren":"No.209, Sec. 1, Fuxing Rd., Xinzhuang Dist.(opposite)","bemp":"16","act":"1"},{"sno":"1489","sna":"新泰國中","tot":"10","sbi":"0","sarea":"新莊區","mday":"20240602110930","lat":"25.042880","lng":"121.444260","ar":"新泰路359號(旁)","sareaen":"Xinzhuang Dist.","snaen":"Xintai Junior High School","aren":"No.359, Xintai Rd., Xinzhuang Dist.","bemp":"10","act":"1"},{"sno":"1491","sna":"山佳火車站","tot":"22","sbi":"0","sarea":"樹林區","mday":"20240602110918","lat":"24.972220","lng":"121.392640","ar":"中山路三段108號","sareaen":"Shulin Dist.","snaen":"Shanjia Railway Station","aren":"No.108, Sec. 3, Zhongshan Rd., Shulin Dist.","bemp":"21","act":"1"},{"sno":"1492","sna":"新北市勞工活動中心","tot":"18","sbi":"0","sarea":"五股區","mday":"20240602110931","lat":"25.061490","lng":"121.450980","ar":"五工六路9號(前廣場)","sareaen":"Wugu Dist.","snaen":"New Taipei City Labor Activity Center","aren":"No.9, Wugong 6th Rd., Wugu Dist.","bemp":"18","act":"1"},{"sno":"1497","sna":"中港大排願景館","tot":"10","sbi":"1","sarea":"新莊區","mday":"20240602110933","lat":"25.058940","lng":"121.451170","ar":"中央路301號(對面)","sareaen":"Xinzhuang Dist.","snaen":"Zhonggang Vision Hall","aren":"No.301, Zhongyang Rd., Xinzhuang Dist.(opposite)","bemp":"7","act":"1"},{"sno":"1498","sna":"頭前國小","tot":"24","sbi":"1","sarea":"新莊區","mday":"20240602110933","lat":"25.052480","lng":"121.465270","ar":"頭前路93號(對面)","sareaen":"Xinzhuang Dist.","snaen":"Touqian Elementary School","aren":"No.93, Touqian Rd., Xinzhuang Dist.(opposite)","bemp":"23","act":"1"},{"sno":"1508","sna":"新莊國民運動中心","tot":"10","sbi":"0","sarea":"新莊區","mday":"20240602110931","lat":"25.039610","lng":"121.449620","ar":"公園路66號(對面)(鄰近新莊綜合運動場)","sareaen":"Xinzhuang Dist.","snaen":"Xinzhuang Civil Sports Center","aren":"No.66, Gongyuan Rd., Xinzhuang Dist.(opposite)","bemp":"10","act":"1"},{"sno":"1510","sna":"三鶯國民運動中心停車場","tot":"10","sbi":"2","sarea":"三峽區","mday":"20240602110933","lat":"24.936140","lng":"121.369410","ar":"文化路164號(旁)(鄰近三峽清水祖師廟/三峽歷史文物館/三峽老街)","sareaen":"Sanxia Dist.","snaen":"Sanying Civil Sports Center","aren":"No.164, Wenhua Rd., Sanxia Dist.","bemp":"8","act":"1"},{"sno":"1511","sna":"彩虹兒童公園","tot":"28","sbi":"1","sarea":"蘆洲區","mday":"20240602110924","lat":"25.088710","lng":"121.464600","ar":"光榮路120巷8弄21號(對面)","sareaen":"Luzhou Dist.","snaen":"Caihong Children's Park","aren":"No.21, Aly. 8, Ln. 120, Guangrong Rd., Luzhou Dist.","bemp":"27","act":"1"},{"sno":"1513","sna":"碧華公園(集勇街)","tot":"10","sbi":"2","sarea":"三重區","mday":"20240602110934","lat":"25.084150","lng":"121.485540","ar":"仁安街2號(對面)","sareaen":"Sanchong Dist.","snaen":"Bihua Park(Jiyong Rd.)","aren":"No.2, Ren’an St., Sanchong Dist.(opposite)","bemp":"8","act":"1"},{"sno":"1516","sna":"成泰路一段(中油)","tot":"10","sbi":"0","sarea":"五股區","mday":"20240602110932","lat":"25.078430","lng":"121.435650","ar":"成泰路一段194號(對面)","sareaen":"Wugu Dist.","snaen":"Sec. 1, Chengtai Rd. (CPC)","aren":"No.194, Sec. 1, Chengtai Rd., Wugu Dist.","bemp":"10","act":"1"},{"sno":"1608","sna":"陸光國宅","tot":"14","sbi":"0","sarea":"五股區","mday":"20240602110948","lat":"25.088810","lng":"121.430790","ar":"民義路1段/民義路1段183巷口","sareaen":"Wugu Dist.","snaen":"Luguan Public Housing Complex","aren":"Sec. 1, Minyi Rd./Ln. 183, Sec. 1, Minyi Rd., Wugu Dist.","bemp":"14","act":"1"},{"sno":"1610","sna":"中山新興街口","tot":"28","sbi":"1","sarea":"樹林區","mday":"20240602110915","lat":"24.974990","lng":"121.400230","ar":"中山路三段/新興街口(西北側人行道)","sareaen":"Shulin Dist.","snaen":"Zhongshan & Xinxing Intersection","aren":"Section 3 of Zhongshan Road/Xingxing Street (Northwest Sidewalk)","bemp":"26","act":"1"},{"sno":"1612","sna":"文中小停車場","tot":"10","sbi":"1","sarea":"三重區","mday":"20240602110930","lat":"25.058990","lng":"121.482550","ar":"名源街54號(對面)","sareaen":"Sanchong Dist.","snaen":"Wenzhongxiao Parking Lot","aren":"No.54, Mingyuan St., Sanchong Dist.(opposite)","bemp":"9","act":"1"},{"sno":"1615","sna":"御史路1巷","tot":"14","sbi":"1","sarea":"五股區","mday":"20240602110934","lat":"25.090440","lng":"121.441920","ar":"御史路1巷5號(旁)","sareaen":"Wugu Dist.","snaen":"Ln. 1, Yushi Rd.","aren":"No.5, Ln. 1, Yushi Rd., Wugu Dist.","bemp":"13","act":"1"},{"sno":"1622","sna":"鶯歌國民運動中心","tot":"12","sbi":"7","sarea":"鶯歌區","mday":"20240602110919","lat":"24.951340","lng":"121.357750","ar":"館前路250號(前)","sareaen":"Yingge Dist.","snaen":"Yingge Civil Sports Center","aren":"No.250, Guanqian Rd., Yingge Dist.","bemp":"5","act":"1"},{"sno":"1630","sna":"東海高中","tot":"20","sbi":"2","sarea":"三重區","mday":"20240602110932","lat":"25.064840","lng":"121.479420","ar":"忠孝路三段93巷6號(對面)","sareaen":"Sanchong Dist.","snaen":"Tung Hai Senior High School","aren":"No. 6, Ln. 93, Sec. 3, Zhongxiao Rd., Sanchong Dist.(opposite)","bemp":"18","act":"1"},{"sno":"1631","sna":"中山1號科技總部","tot":"26","sbi":"0","sarea":"土城區","mday":"20240602110926","lat":"24.960450","lng":"121.412120","ar":"中山路1號(前)","sareaen":"Tucheng Dist.","snaen":"Zhongshan No. 1 Technology Headquarters","aren":"No. 1, Zhongshan Rd., Tucheng Dist.","bemp":"26","act":"1"},{"sno":"1633","sna":"仁愛街70巷口","tot":"12","sbi":"0","sarea":"蘆洲區","mday":"20240602110917","lat":"25.093980","lng":"121.471260","ar":"仁愛街95號(對面)","sareaen":"Luzhou Dist.","snaen":"Ln. 70, Ren’ai St.","aren":"No. 95, Ren’ai St., Luzhou Dist.(opposite)","bemp":"12","act":"1"},{"sno":"1640","sna":"全球傳動科技公司","tot":"32","sbi":"0","sarea":"樹林區","mday":"20240602110917","lat":"25.008010","lng":"121.414810","ar":"三多路123號(前)","sareaen":"Shulin Dist.","snaen":"TBI MOTION Technology Company","aren":"No. 123, Sanduo Rd., Shulin Dist.","bemp":"31","act":"1"},{"sno":"1642","sna":"復興民生街口","tot":"18","sbi":"0","sarea":"三峽區","mday":"20240602110925","lat":"24.937010","lng":"121.373240","ar":"復興路45號(前)","sareaen":"Sanxia Dist.","snaen":"Fuxing & Minsheng St. Intersection","aren":"No. 45, Fuxing Rd., Sanxia Dist.","bemp":"15","act":"1"},{"sno":"1654","sna":"仁愛街112巷","tot":"18","sbi":"6","sarea":"三重區","mday":"20240602110927","lat":"25.074860","lng":"121.494880","ar":"仁愛街112巷7號(對面)","sareaen":"Sanchong Dist.","snaen":"Ln. 112, Renhua St.","aren":"No. 7, Ln. 112, Ren’ai St., Sanchong Dist.","bemp":"12","act":"1"},{"sno":"1657","sna":"中興橋(環河南路254巷口)","tot":"26","sbi":"0","sarea":"三重區","mday":"20240602110929","lat":"25.050520","lng":"121.491380","ar":"環河南路253號(對面中興橋下)","sareaen":"Sanchong Dist.","snaen":"Zhongxing Bridge(Ln. 254, Huanhe S. Rd.)","aren":"No. 253, Huanhe S. Rd., Sanchong Dist.","bemp":"25","act":"1"},{"sno":"1663","sna":"中信國小","tot":"30","sbi":"2","sarea":"新莊區","mday":"20240602110944","lat":"25.055720","lng":"121.449570","ar":"榮華路二段/中富街口(西北側人行道)","sareaen":"Xinzhuang Dist.","snaen":"Zhongxin Elementary School","aren":"Sec. 2, Ronghua Rd./Zhongfu St., Xinzhuang Dist.","bemp":"27","act":"1"},{"sno":"1667","sna":"慈愛公園","tot":"10","sbi":"1","sarea":"三重區","mday":"20240602110920","lat":"25.081190","lng":"121.484610","ar":"仁愛街584號旁公園人行道","sareaen":"Sanchong Dist.","snaen":"Ci'ai Park","aren":"No. 584, Ren’ai St., Sanchong Dist.","bemp":"9","act":"1"},{"sno":"1669","sna":"頂埔市場","tot":"10","sbi":"0","sarea":"土城區","mday":"20240602110919","lat":"24.958190","lng":"121.415080","ar":"中州路28巷30號(前廣場)","sareaen":"Tucheng Dist.","snaen":"Dingpu Market","aren":"No. 30, Ln. 28, Zhongzhou Rd., Tucheng Dist.","bemp":"10","act":"1"},{"sno":"1670","sna":"樹林藝文綜合行政大樓","tot":"36","sbi":"0","sarea":"樹林區","mday":"20240602110924","lat":"24.995460","lng":"121.429100","ar":"保順街139號(對面)","sareaen":"Shulin Dist.","snaen":"Shulin Art & Administrative Center","aren":"No. 139, Baoshun St., Shulin Dist.(opposite)","bemp":"34","act":"1"},{"sno":"1672","sna":"台北花園廣場社區","tot":"22","sbi":"0","sarea":"泰山區","mday":"20240602110931","lat":"25.064140","lng":"121.426000","ar":"泰林路二段454號(旁)","sareaen":"Taishan Dist.","snaen":"Taipei Garden Community","aren":"No. 545, Sec. 2, Tailin Rd., Taishan Dist.","bemp":"22","act":"1"},{"sno":"1676","sna":"國中二甲路口","tot":"14","sbi":"2","sarea":"鶯歌區","mday":"20240602110931","lat":"24.939500","lng":"121.338670","ar":"國中街175號(前)","sareaen":"Yingge Dist.","snaen":"Guozhong & Erjia Intersection","aren":"No. 175, Guozhong St., Yingge Dist.","bemp":"10","act":"1"},{"sno":"1679","sna":"芳洲八路","tot":"18","sbi":"0","sarea":"五股區","mday":"20240602110932","lat":"25.088800","lng":"121.446370","ar":"芳洲八路152號(對面)","sareaen":"Wugu Dist.","snaen":"Fangzhou 8th Road","aren":"No. 152, Fangzhou 8th Rd., Wugu Dist.(opposite)","bemp":"18","act":"1"},{"sno":"1680","sna":"後竹圍市民活動中心","tot":"10","sbi":"1","sarea":"三重區","mday":"20240602110934","lat":"25.072460","lng":"121.485760","ar":"後竹圍街175巷18號(對面)","sareaen":"Sanchong Dist.","snaen":"Houzhuwei Civil Activity Center","aren":"No. 152, Fangzhou 8th Rd., Wugu Dist.(opposite)","bemp":"8","act":"0"},{"sno":"1688","sna":"鳳福公園","tot":"32","sbi":"13","sarea":"鶯歌區","mday":"20240602110925","lat":"24.975720","lng":"121.329380","ar":"鳳吉一街186號(對面)","sareaen":"Yingge Dist.","snaen":"Fengfu Park","aren":"No. 186, Fengji 1st St., Yingge Dist.(opposite)","bemp":"19","act":"1"},{"sno":"1691","sna":"遠東動力企業總部","tot":"10","sbi":"0","sarea":"新莊區","mday":"20240602110934","lat":"25.031130","lng":"121.429990","ar":"中正路651號(前)","sareaen":"Xinzhuang Dist.","snaen":"Far East Power Corporate Headquarters","aren":"No. 30, Guangfu Rd., Zhonghe Dist.(opposite)","bemp":"10","act":"1"},{"sno":"1696","sna":"三重商工(後竹圍街)","tot":"24","sbi":"0","sarea":"三重區","mday":"20240602110933","lat":"25.070310","lng":"121.479760","ar":"中正北路165巷53號(後竹圍街路側停車格)","sareaen":"Sanchong Dist.","snaen":"San-Chung Commercial and Industrial Vocational High School(Houzhuwei St.)","aren":"No. 53, Ln. 165, Zhongzheng N. Rd., Sanchong Dist.(opposite)","bemp":"24","act":"1"},{"sno":"1699","sna":"中正福海街口","tot":"10","sbi":"1","sarea":"新莊區","mday":"20240602110940","lat":"25.034590","lng":"121.444890","ar":"中正路413號(對面)","sareaen":"Xinzhuang Dist.","snaen":"Zhongzheng & Fuhai Intersection","aren":"No. 413, Zhongzheng Rd., Xinzhuang Dist.(opposite)","bemp":"8","act":"1"},{"sno":"1707","sna":"俊興三龍街口","tot":"20","sbi":"1","sarea":"樹林區","mday":"20240602110938","lat":"25.017040","lng":"121.418210","ar":"俊興街280號(對面)","sareaen":"Shulin Dist.","snaen":"Junxing & Sanlong Intersection","aren":"No. 292, Siyuan Rd., Xinzhuang Dist.(opposite)","bemp":"19","act":"1"},{"sno":"1723","sna":"林建生紀念圖書館","tot":"10","sbi":"0","sarea":"蘆洲區","mday":"20240602110918","lat":"25.088434","lng":"121.469879","ar":"三民路178號(前)","sareaen":"Luzhou Dist.","snaen":"Lin Jian Sheng Memorial Library","aren":"No. 178, Sanmin Rd. (front)","bemp":"10","act":"1"},{"sno":"1725","sna":"三峽國中","tot":"20","sbi":"3","sarea":"三峽區","mday":"20240602110937","lat":"24.938882","lng":"121.369399","ar":"復興路238號(前人行道)","sareaen":"Sanxia Dist.","snaen":"Sanxia Junior High School","aren":"No. 238, Fuxing Rd. (front)","bemp":"16","act":"1"},{"sno":"1726","sna":"宏匯廣場","tot":"10","sbi":"0","sarea":"新莊區","mday":"20240602110945","lat":"25.059319","lng":"121.449083","ar":"中央路558號(旁)","sareaen":"Xinzhuang Dist.","snaen":"Honhui Plaza","aren":"No.558, Zhongyang Rd. (Side)","bemp":"9","act":"1"},{"sno":"1728","sna":"疏洪東竹圍仔街口","tot":"16","sbi":"1","sarea":"三重區","mday":"20240602110939","lat":"25.048614","lng":"121.486398","ar":"疏洪東路/竹圍仔街口(東北側人行道)","sareaen":"Sanchong Dist.","snaen":"Shuhong E. & Zhuweizai Intersection","aren":"Shuhong East Road/Zhuweizi Street Intersection (Northeast Side Walkway)","bemp":"15","act":"1"},{"sno":"1732","sna":"新泰路255巷口","tot":"20","sbi":"0","sarea":"新莊區","mday":"20240602110945","lat":"25.039314","lng":"121.442696","ar":"中環路二段220號旁人行道","sareaen":"Xinzhuang Dist.","snaen":"Ln. 255, Xintai Rd.","aren":"No. 220, Zhonghuan Rd. (Side)","bemp":"20","act":"1"},{"sno":"1736","sna":"中山八德街口","tot":"18","sbi":"2","sarea":"樹林區","mday":"20240602110924","lat":"24.985156","lng":"121.417765","ar":"中山路二段10號對面人行道","sareaen":"Shulin Dist.","snaen":"Zhongshan & Bade Intersection","aren":"No.10, Zhongshan Rd. (Opposite)","bemp":"16","act":"1"},{"sno":"1739","sna":"凌雲路一段158巷口","tot":"24","sbi":"1","sarea":"五股區","mday":"20240602110944","lat":"25.103520","lng":"121.448100","ar":"凌雲路一段158巷22號(對面)","sareaen":"Wugu Dist.","snaen":"Ln. 158, Sec. 1, Lingyun Rd.","aren":"No. 22, Ln. 158, Sec. 1, Lingyun Rd. (Opposite)","bemp":"22","act":"1"},{"sno":"1742","sna":"瓊林公園","tot":"22","sbi":"0","sarea":"新莊區","mday":"20240602110922","lat":"25.026290","lng":"121.442450","ar":"中環路一段16號(對面陸橋下)","sareaen":"Xinzhuang Dist.","snaen":"Qionglin Park","aren":"No. 16, Sec. 1, Zhonghuan Rd.","bemp":"20","act":"1"},{"sno":"1743","sna":"宏匯思源廣場","tot":"32","sbi":"1","sarea":"新莊區","mday":"20240602110924","lat":"25.057480","lng":"121.459050","ar":"富貴路51號(對面)","sareaen":"Xinzhuang Dist.","snaen":"HONHUI SI YUAN SQUARE","aren":"No. 51, Fugui Rd.(Opposite)","bemp":"30","act":"1"},{"sno":"1749","sna":"三峽國光青年社會住宅","tot":"36","sbi":"25","sarea":"三峽區","mday":"20240602110931","lat":"24.937430","lng":"121.376860","ar":"三樹路2號(對面)","sareaen":"Sanxia Dist.","snaen":"Sanxia Guoguang Youth Rental House","aren":"No. 2, Sanshu Rd. (Opposite)","bemp":"9","act":"1"},{"sno":"1753","sna":"四維國凱街口(立天下社區)","tot":"40","sbi":"0","sarea":"樹林區","mday":"20240602110935","lat":"24.979320","lng":"121.422410","ar":"四維路121號(旁)","sareaen":"Shulin Dist.","snaen":"Siwei & Guokai Intersection","aren":"No. 121, Siwei Rd.","bemp":"39","act":"1"},{"sno":"1754","sna":"頂崁公園","tot":"18","sbi":"0","sarea":"三重區","mday":"20240602110921","lat":"25.054930","lng":"121.475600","ar":"頂文一街頂文二街口(東南側公園人行道)","sareaen":"Sanchong Dist.","snaen":"Dingkan Park","aren":"Dingwen 1st & Dingwen 2nd St. Intersection","bemp":"17","act":"1"},{"sno":"1763","sna":"捷運三重站(1號出口)","tot":"14","sbi":"1","sarea":"三重區","mday":"20240602110925","lat":"25.054640","lng":"121.483220","ar":"捷運路36號(旁)","sareaen":"Sanchong Dist.","snaen":"MRT Sanchong Station (Exit.1)","aren":"No. 36, Jieyun Rd. (Side)","bemp":"15","act":"1"},{"sno":"1764","sna":"捷運徐匯中學站(1號出口)","tot":"12","sbi":"2","sarea":"蘆洲區","mday":"20240602110926","lat":"25.080468","lng":"121.479852","ar":"中山一路3號(捷運徐匯中學站1號出口旁)","sareaen":"Luzhou Dist.","snaen":"MRT St.Ignatius High School Sta. (Exit 1)","aren":"No.3, Zhongshan 1st Rd.","bemp":"9","act":"1"},{"sno":"1766","sna":"捷運三民高中站(2號出口)","tot":"22","sbi":"0","sarea":"蘆洲區","mday":"20240602110931","lat":"25.085840","lng":"121.473740","ar":"復興路58號旁","sareaen":"Luzhou Dist.","snaen":"Sanmin Senior High School Sta. (Exit 2)","aren":"No.58, Fuxing Rd.","bemp":"19","act":"1"}]